occurrence,h2,,,,,
1,4,,,,,
2,4,,,,,
3,3,,,,,
4,1,,,,,
5,0,,,,,
6,0,,,,,
7,0,,,,,
8,1,,,,,
9,4,,,,,
10,2,,,,,
11,4,,,,,
12,2,,,,,
13,3,,,,,
14,2,,,,,
15,4,,,,,
16,3,,,,,
17,0,,,,,
18,0,,,,,
19,2,,,,,
20,3,,,,,
21,3,,,,,
22,0,,,,,
23,0,,,,,
24,0,,,,,
25,1,,,,,
26,1,,,,,
27,2,,,,,
28,4,,,,,
29,3,,,,,
30,3,,,,,
31,4,,,,,
32,3,,,,,
33,0,,,,,
34,3,,,,,
35,0,,,,,
36,2,,,,,
37,3,,,,,
38,3,,,,,
39,2,,,,,
40,3,,,,,
41,3,,,,,
42,4,,,,,
43,0,,,,,
44,2,,,,,
45,4,,,,,
46,1,,,,,
47,4,,,,,
48,2,,,,,
49,3,,,,,
50,0,,,,,
51,2,,,,,
52,4,,,,,
53,3,,,,,
54,4,,,,,
55,2,,,,,
56,2,,,,,
57,2,,,,,
58,4,,,,,
59,4,,,,,
60,0,,,,,
61,2,,,,,
62,3,,,,,
63,2,,,,,
64,1,,,,,
65,1,,,,,
66,3,,,,,
67,2,,,,,
68,0,,,,,
69,0,,,,,
70,0,,,,,
71,2,,,,,
72,1,,,,,
73,2,,,,,
74,4,,,,,
75,2,,,,,
76,3,,,,,
77,2,,,,,
78,0,,,,,
79,1,,,,,
80,0,,,,,
81,1,,,,,
82,0,,,,,
83,1,,,,,
84,0,,,,,
85,0,,,,,
86,1,,,,,
87,3,,,,,
88,0,,,,,
89,2,,,,,
90,0,,,,,
91,2,,,,,
92,4,,,,,
93,4,,,,,
94,2,,,,,
95,3,,,,,
96,2,,,,,
97,2,,,,,
98,2,,,,,
99,2,,,,,
100,1,,,,,
101,2,,,,,
102,3,,,,,
103,0,,,,,
104,4,,,,,
105,1,,,,,
106,2,,,,,
107,4,,,,,
108,2,,,,,
109,0,,,,,
110,3,,,,,
111,4,,,,,
112,4,,,,,
113,2,,,,,
114,3,,,,,
115,0,,,,,
116,0,,,,,
117,3,,,,,
118,4,,,,,
119,1,,,,,
120,4,,,,,
121,4,,,,,
122,2,,,,,
123,4,,,,,
124,3,,,,,
125,2,,,,,
126,3,,,,,
127,4,,,,,
128,0,,,,,
129,1,,,,,
130,0,,,,,
131,1,,,,,
132,3,,,,,
133,1,,,,,
134,2,,,,,
135,2,,,,,
136,3,,,,,
137,1,,,,,
138,1,,,,,
139,1,,,,,
140,4,,,,,
141,1,,,,,
142,4,,,,,
143,4,,,,,
144,1,,,,,
145,2,,,,,
146,0,,,,,
147,0,,,,,
148,1,,,,,
149,0,,,,,
150,2,,,,,
151,3,,,,,
152,1,,,,,
153,1,,,,,
154,2,,,,,
155,4,,,,,
156,2,,,,,
157,0,,,,,
158,1,,,,,
159,1,,,,,
160,2,,,,,
161,4,,,,,
162,2,,,,,
163,1,,,,,
164,0,,,,,
165,4,,,,,
166,0,,,,,
167,0,,,,,
168,3,,,,,
169,0,,,,,
170,0,,,,,
171,0,,,,,
172,0,,,,,
173,2,,,,,
174,0,,,,,
175,3,,,,,
176,1,,,,,
177,4,,,,,
178,0,,,,,
179,2,,,,,
180,0,,,,,
181,4,,,,,
182,2,,,,,
183,2,,,,,
184,4,,,,,
185,3,,,,,
186,3,,,,,
187,2,,,,,
188,2,,,,,
189,4,,,,,
190,0,,,,,
191,0,,,,,
192,2,,,,,
193,2,,,,,
194,3,,,,,
195,2,,,,,
196,4,,,,,
197,1,,,,,
198,0,,,,,
199,4,,,,,
200,2,,,,,
201,1,,,,,
202,1,,,,,
203,1,,,,,
204,1,,,,,
205,1,,,,,
206,0,,,,,
207,2,,,,,
208,4,,,,,
209,4,,,,,
210,0,,,,,
211,0,,,,,
212,0,,,,,
213,2,,,,,
214,2,,,,,
215,0,,,,,
216,2,,,,,
217,4,,,,,
218,1,,,,,
219,1,,,,,
220,2,,,,,
221,2,,,,,
222,4,,,,,
223,4,,,,,
224,4,,,,,
225,2,,,,,
226,4,,,,,
227,0,,,,,
228,0,,,,,
229,1,,,,,
230,0,,,,,
231,1,,,,,
232,4,,,,,
233,3,,,,,
234,1,,,,,
235,1,,,,,
236,3,,,,,
237,3,,,,,
238,2,,,,,
239,2,,,,,
240,0,,,,,
241,4,,,,,
242,0,,,,,
243,0,,,,,
244,0,,,,,
245,0,,,,,
246,0,,,,,
247,4,,,,,
248,3,,,,,
249,1,,,,,
250,1,,,,,
251,1,,,,,
252,2,,,,,
253,1,,,,,
254,4,,,,,
255,1,,,,,
256,4,,,,,
257,0,,,,,
258,4,,,,,
259,4,,,,,
260,2,,,,,
261,4,,,,,
262,4,,,,,
263,3,,,,,
264,4,,,,,
265,2,,,,,
266,3,,,,,
267,4,,,,,
268,2,,,,,
269,3,,,,,
270,0,,,,,
271,2,,,,,
272,1,,,,,
273,2,,,,,
274,3,,,,,
275,4,,,,,
276,4,,,,,
277,0,,,,,
278,4,,,,,
279,3,,,,,
280,0,,,,,
281,2,,,,,
282,2,,,,,
283,4,,,,,
284,4,,,,,
285,3,,,,,
286,0,,,,,
287,1,,,,,
288,2,,,,,
289,3,,,,,
290,3,,,,,
291,0,,,,,
292,3,,,,,
293,1,,,,,
294,3,,,,,
295,4,,,,,
296,1,,,,,
297,4,,,,,
298,1,,,,,
299,4,,,,,
300,0,,,,,
301,3,,,,,
302,1,,,,,
303,0,,,,,
304,0,,,,,
305,1,,,,,
306,3,,,,,
307,3,,,,,
308,3,,,,,
309,1,,,,,
310,0,,,,,
311,4,,,,,
312,1,,,,,
313,0,,,,,
314,1,,,,,
315,2,,,,,
316,1,,,,,
317,2,,,,,
318,4,,,,,
319,2,,,,,
320,2,,,,,
321,3,,,,,
322,1,,,,,
323,0,,,,,
324,4,,,,,
325,4,,,,,
326,4,,,,,
327,0,,,,,
328,3,,,,,
329,3,,,,,
330,1,,,,,
331,4,,,,,
332,4,,,,,
333,1,,,,,
334,1,,,,,
335,4,,,,,
336,0,,,,,
337,1,,,,,
338,1,,,,,
339,3,,,,,
340,1,,,,,
341,2,,,,,
342,2,,,,,
343,3,,,,,
344,0,,,,,
345,2,,,,,
346,0,,,,,
347,1,,,,,
348,1,,,,,
349,2,,,,,
350,0,,,,,
351,4,,,,,
352,2,,,,,
353,0,,,,,
354,1,,,,,
355,3,,,,,
356,1,,,,,
357,1,,,,,
358,3,,,,,
359,4,,,,,
360,1,,,,,
361,2,,,,,
362,0,,,,,
363,2,,,,,
364,2,,,,,
365,3,,,,,
366,1,,,,,
367,2,,,,,
368,4,,,,,
369,4,,,,,
370,2,,,,,
371,1,,,,,
372,2,,,,,
373,1,,,,,
374,0,,,,,
375,1,,,,,
376,3,,,,,
377,1,,,,,
378,4,,,,,
379,0,,,,,
380,4,,,,,
381,1,,,,,
382,3,,,,,
383,2,,,,,
384,3,,,,,
385,2,,,,,
386,1,,,,,
387,2,,,,,
388,0,,,,,
389,0,,,,,
390,2,,,,,
391,4,,,,,
392,4,,,,,
393,1,,,,,
394,4,,,,,
395,4,,,,,
396,3,,,,,
397,0,,,,,
398,0,,,,,
399,2,,,,,
400,3,,,,,
401,1,,,,,
402,3,,,,,
403,1,,,,,
404,0,,,,,
405,3,,,,,
406,4,,,,,
407,3,,,,,
408,3,,,,,
409,2,,,,,
410,0,,,,,
411,4,,,,,
412,0,,,,,
413,3,,,,,
414,0,,,,,
415,3,,,,,
416,0,,,,,
417,0,,,,,
418,4,,,,,
419,2,,,,,
420,3,,,,,
421,0,,,,,
422,1,,,,,
423,4,,,,,
424,4,,,,,
425,3,,,,,
426,3,,,,,
427,0,,,,,
428,3,,,,,
429,0,,,,,
430,3,,,,,
431,1,,,,,
432,1,,,,,
433,0,,,,,
434,0,,,,,
435,0,,,,,
436,1,,,,,
437,0,,,,,
438,3,,,,,
439,3,,,,,
440,3,,,,,
441,1,,,,,
442,4,,,,,
443,1,,,,,
444,0,,,,,
445,2,,,,,
446,2,,,,,
447,2,,,,,
448,2,,,,,
449,3,,,,,
450,4,,,,,
451,0,,,,,
452,1,,,,,
453,3,,,,,
454,4,,,,,
455,2,,,,,
456,0,,,,,
457,4,,,,,
458,1,,,,,
459,3,,,,,
460,2,,,,,
461,2,,,,,
462,0,,,,,
463,4,,,,,
464,4,,,,,
465,4,,,,,
466,1,,,,,
467,0,,,,,
468,1,,,,,
469,2,,,,,
470,4,,,,,
471,0,,,,,
472,0,,,,,
473,1,,,,,
474,2,,,,,
475,3,,,,,
476,3,,,,,
477,4,,,,,
478,4,,,,,
479,4,,,,,
480,0,,,,,
481,0,,,,,
482,1,,,,,
483,2,,,,,
484,1,,,,,
485,0,,,,,
486,2,,,,,
487,1,,,,,
488,2,,,,,
489,2,,,,,
490,4,,,,,
491,3,,,,,
492,3,,,,,
493,3,,,,,
494,4,,,,,
495,1,,,,,
496,0,,,,,
497,2,,,,,
498,3,,,,,
499,0,,,,,
500,3,,,,,
501,1,,,,,
502,2,,,,,
503,0,,,,,
504,3,,,,,
505,4,,,,,
506,3,,,,,
507,2,,,,,
508,0,,,,,
509,3,,,,,
510,1,,,,,
511,4,,,,,
512,2,,,,,
513,2,,,,,
514,1,,,,,
515,3,,,,,
516,2,,,,,
517,3,,,,,
518,2,,,,,
519,3,,,,,
520,2,,,,,
521,3,,,,,
522,3,,,,,
523,4,,,,,
524,0,,,,,
525,1,,,,,
526,0,,,,,
527,0,,,,,
528,2,,,,,
529,1,,,,,
530,4,,,,,
531,2,,,,,
532,3,,,,,
533,3,,,,,
534,2,,,,,
535,2,,,,,
536,0,,,,,
537,3,,,,,
538,1,,,,,
539,3,,,,,
540,2,,,,,
541,4,,,,,
542,2,,,,,
543,0,,,,,
544,4,,,,,
545,1,,,,,
546,3,,,,,
547,2,,,,,
548,1,,,,,
549,2,,,,,
550,1,,,,,
551,4,,,,,
552,1,,,,,
553,4,,,,,
554,0,,,,,
555,2,,,,,
556,2,,,,,
557,2,,,,,
558,1,,,,,
559,4,,,,,
560,0,,,,,
561,4,,,,,
562,4,,,,,
563,1,,,,,
564,3,,,,,
565,2,,,,,
566,4,,,,,
567,3,,,,,
568,3,,,,,
569,4,,,,,
570,3,,,,,
571,2,,,,,
572,0,,,,,
573,1,,,,,
574,0,,,,,
575,4,,,,,
576,0,,,,,
577,3,,,,,
578,3,,,,,
579,4,,,,,
580,2,,,,,
581,0,,,,,
582,2,,,,,
583,2,,,,,
584,3,,,,,
585,2,,,,,
586,0,,,,,
587,1,,,,,
588,1,,,,,
589,3,,,,,
590,4,,,,,
591,3,,,,,
592,3,,,,,
593,0,,,,,
594,0,,,,,
595,3,,,,,
596,0,,,,,
597,3,,,,,
598,2,,,,,
599,2,,,,,
600,4,,,,,
601,1,,,,,
602,4,,,,,
603,0,,,,,
604,4,,,,,
605,4,,,,,
606,3,,,,,
607,2,,,,,
608,2,,,,,
609,3,,,,,
610,3,,,,,
611,4,,,,,
612,4,,,,,
613,0,,,,,
614,2,,,,,
615,2,,,,,
616,1,,,,,
617,1,,,,,
618,1,,,,,
619,2,,,,,
620,3,,,,,
621,2,,,,,
622,2,,,,,
623,2,,,,,
624,1,,,,,
625,1,,,,,
626,1,,,,,
627,2,,,,,
628,3,,,,,
629,4,,,,,
630,0,,,,,
631,0,,,,,
632,2,,,,,
633,1,,,,,
634,4,,,,,
635,4,,,,,
636,4,,,,,
637,1,,,,,
638,1,,,,,
639,2,,,,,
640,1,,,,,
641,1,,,,,
642,3,,,,,
643,0,,,,,
644,2,,,,,
645,2,,,,,
646,4,,,,,
647,1,,,,,
648,2,,,,,
649,4,,,,,
650,1,,,,,
651,1,,,,,
652,2,,,,,
653,4,,,,,
654,1,,,,,
655,1,,,,,
656,0,,,,,
657,2,,,,,
658,1,,,,,
659,4,,,,,
660,0,,,,,
661,0,,,,,
662,1,,,,,
663,2,,,,,
664,0,,,,,
665,0,,,,,
666,0,,,,,
667,1,,,,,
668,2,,,,,
669,3,,,,,
670,4,,,,,
671,3,,,,,
672,0,,,,,
673,0,,,,,
674,3,,,,,
675,3,,,,,
676,0,,,,,
677,4,,,,,
678,4,,,,,
679,1,,,,,
680,4,,,,,
681,0,,,,,
682,3,,,,,
683,0,,,,,
684,1,,,,,
685,1,,,,,
686,4,,,,,
687,3,,,,,
688,0,,,,,
689,4,,,,,
690,0,,,,,
691,4,,,,,
692,3,,,,,
693,3,,,,,
694,2,,,,,
695,4,,,,,
696,1,,,,,
697,0,,,,,
698,4,,,,,
699,1,,,,,
700,3,,,,,
701,4,,,,,
702,1,,,,,
703,1,,,,,
704,0,,,,,
705,0,,,,,
706,2,,,,,
707,4,,,,,
708,4,,,,,
709,3,,,,,
710,4,,,,,
711,2,,,,,
712,0,,,,,
713,4,,,,,
714,1,,,,,
715,3,,,,,
716,4,,,,,
717,3,,,,,
718,0,,,,,
719,3,,,,,
720,4,,,,,
721,0,,,,,
722,2,,,,,
723,2,,,,,
724,1,,,,,
725,4,,,,,
726,4,,,,,
727,4,,,,,
728,4,,,,,
729,2,,,,,
730,2,,,,,
731,4,,,,,
732,2,,,,,
733,3,,,,,
734,0,,,,,
735,0,,,,,
736,3,,,,,
737,1,,,,,
738,4,,,,,
739,2,,,,,
740,4,,,,,
741,1,,,,,
742,4,,,,,
743,2,,,,,
744,1,,,,,
745,4,,,,,
746,2,,,,,
747,4,,,,,
748,3,,,,,
749,3,,,,,
750,4,,,,,
751,1,,,,,
752,0,,,,,
753,2,,,,,
754,0,,,,,
755,0,,,,,
756,0,,,,,
757,1,,,,,
758,4,,,,,
759,2,,,,,
760,3,,,,,
761,1,,,,,
762,0,,,,,
763,0,,,,,
764,3,,,,,
765,3,,,,,
766,1,,,,,
767,1,,,,,
768,3,,,,,
769,0,,,,,
770,4,,,,,
771,3,,,,,
772,3,,,,,
773,4,,,,,
774,1,,,,,
775,0,,,,,
776,2,,,,,
777,4,,,,,
778,0,,,,,
779,4,,,,,
780,2,,,,,
781,4,,,,,
782,1,,,,,
783,4,,,,,
784,1,,,,,
785,2,,,,,
786,4,,,,,
787,1,,,,,
788,1,,,,,
789,2,,,,,
790,3,,,,,
791,0,,,,,
792,1,,,,,
793,3,,,,,
794,4,,,,,
795,1,,,,,
796,2,,,,,
797,3,,,,,
798,0,,,,,
799,2,,,,,
800,3,,,,,
801,0,,,,,
802,3,,,,,
803,0,,,,,
804,2,,,,,
805,1,,,,,
806,2,,,,,
807,3,,,,,
808,1,,,,,
809,3,,,,,
810,2,,,,,
811,3,,,,,
812,0,,,,,
813,1,,,,,
814,3,,,,,
815,1,,,,,
816,0,,,,,
817,1,,,,,
818,1,,,,,
819,2,,,,,
820,0,,,,,
821,3,,,,,
822,3,,,,,
823,4,,,,,
824,2,,,,,
825,3,,,,,
826,3,,,,,
827,3,,,,,
828,1,,,,,
829,3,,,,,
830,3,,,,,
831,3,,,,,
832,1,,,,,
833,2,,,,,
834,1,,,,,
835,3,,,,,
836,2,,,,,
837,4,,,,,
838,4,,,,,
839,1,,,,,
840,3,,,,,
841,2,,,,,
842,3,,,,,
843,1,,,,,
844,1,,,,,
845,4,,,,,
846,0,,,,,
847,4,,,,,
848,4,,,,,
849,0,,,,,
850,4,,,,,
851,4,,,,,
852,0,,,,,
853,4,,,,,
854,0,,,,,
855,2,,,,,
856,2,,,,,
857,1,,,,,
858,1,,,,,
859,1,,,,,
860,1,,,,,
861,4,,,,,
862,3,,,,,
863,2,,,,,
864,3,,,,,
865,0,,,,,
866,1,,,,,
867,1,,,,,
868,3,,,,,
869,1,,,,,
870,3,,,,,
871,4,,,,,
872,1,,,,,
873,4,,,,,
874,2,,,,,
875,4,,,,,
876,0,,,,,
877,1,,,,,
878,2,,,,,
879,3,,,,,
880,1,,,,,
881,2,,,,,
882,3,,,,,
883,3,,,,,
884,0,,,,,
885,4,,,,,
886,4,,,,,
887,1,,,,,
888,2,,,,,
889,0,,,,,
890,4,,,,,
891,4,,,,,
892,0,,,,,
893,3,,,,,
894,3,,,,,
895,4,,,,,
896,3,,,,,
897,4,,,,,
898,0,,,,,
899,1,,,,,
900,4,,,,,
901,0,,,,,
902,3,,,,,
903,3,,,,,
904,3,,,,,
905,4,,,,,
906,1,,,,,
907,2,,,,,
908,4,,,,,
909,0,,,,,
910,0,,,,,
911,0,,,,,
912,2,,,,,
913,2,,,,,
914,3,,,,,
915,1,,,,,
916,2,,,,,
917,0,,,,,
918,4,,,,,
919,0,,,,,
920,0,,,,,
921,3,,,,,
922,3,,,,,
923,0,,,,,
924,1,,,,,
925,4,,,,,
926,1,,,,,
927,2,,,,,
928,3,,,,,
929,3,,,,,
930,1,,,,,
931,2,,,,,
932,4,,,,,
933,1,,,,,
934,1,,,,,
935,1,,,,,
936,3,,,,,
937,2,,,,,
938,3,,,,,
939,0,,,,,
940,4,,,,,
941,4,,,,,
942,2,,,,,
943,3,,,,,
944,3,,,,,
945,3,,,,,
946,1,,,,,
947,3,,,,,
948,0,,,,,
949,0,,,,,
950,0,,,,,
951,3,,,,,
952,0,,,,,
953,2,,,,,
954,1,,,,,
955,2,,,,,
956,4,,,,,
957,4,,,,,
958,4,,,,,
959,4,,,,,
960,2,,,,,
961,4,,,,,
962,3,,,,,
963,4,,,,,
964,1,,,,,
965,0,,,,,
966,0,,,,,
967,4,,,,,
968,3,,,,,
969,3,,,,,
970,3,,,,,
971,3,,,,,
972,3,,,,,
973,2,,,,,
974,4,,,,,
975,4,,,,,
976,4,,,,,
977,4,,,,,
978,4,,,,,
979,3,,,,,
980,1,,,,,
981,1,,,,,
982,3,,,,,
983,0,,,,,
984,3,,,,,
985,2,,,,,
986,0,,,,,
987,0,,,,,
988,1,,,,,
989,3,,,,,
990,4,,,,,
991,4,,,,,
992,1,,,,,
993,4,,,,,
994,2,,,,,
995,3,,,,,
996,1,,,,,
997,1,,,,,
998,2,,,,,
999,0,,,,,
1000,2,,,,,
1001,2,,,,,
1002,1,,,,,
1003,4,,,,,
1004,3,,,,,
1005,1,,,,,
1006,4,,,,,
1007,4,,,,,
1008,2,,,,,
1009,4,,,,,
1010,2,,,,,
1011,1,,,,,
1012,0,,,,,
1013,3,,,,,
1014,2,,,,,
1015,0,,,,,
1016,0,,,,,
1017,1,,,,,
1018,4,,,,,
1019,2,,,,,
1020,2,,,,,
1021,4,,,,,
1022,2,,,,,
1023,3,,,,,
1024,1,,,,,
1025,1,,,,,
1026,2,,,,,
1027,3,,,,,
1028,4,,,,,
1029,3,,,,,
1030,1,,,,,
1031,4,,,,,
1032,3,,,,,
1033,4,,,,,
1034,0,,,,,
1035,3,,,,,
1036,2,,,,,
1037,4,,,,,
1038,3,,,,,
1039,0,,,,,
1040,1,,,,,
1041,4,,,,,
1042,3,,,,,
1043,0,,,,,
1044,2,,,,,
1045,3,,,,,
1046,1,,,,,
1047,4,,,,,
1048,0,,,,,
1049,2,,,,,
1050,4,,,,,
1051,4,,,,,
1052,2,,,,,
1053,0,,,,,
1054,2,,,,,
1055,0,,,,,
1056,1,,,,,
1057,3,,,,,
1058,0,,,,,
1059,1,,,,,
1060,0,,,,,
1061,2,,,,,
1062,1,,,,,
1063,4,,,,,
1064,3,,,,,
1065,2,,,,,
1066,0,,,,,
1067,2,,,,,
1068,4,,,,,
1069,1,,,,,
1070,4,,,,,
1071,4,,,,,
1072,1,,,,,
1073,4,,,,,
1074,2,,,,,
1075,2,,,,,
1076,1,,,,,
1077,0,,,,,
1078,4,,,,,
1079,0,,,,,
1080,3,,,,,
1081,3,,,,,
1082,4,,,,,
1083,3,,,,,
1084,3,,,,,
1085,3,,,,,
1086,3,,,,,
1087,3,,,,,
1088,2,,,,,
1089,2,,,,,
1090,3,,,,,
1091,0,,,,,
1092,1,,,,,
1093,2,,,,,
1094,4,,,,,
1095,4,,,,,
1096,4,,,,,
1097,1,,,,,
1098,1,,,,,
1099,3,,,,,
1100,4,,,,,
1101,2,,,,,
1102,2,,,,,
1103,2,,,,,
1104,1,,,,,
1105,0,,,,,
1106,4,,,,,
1107,3,,,,,
1108,3,,,,,
1109,2,,,,,
1110,3,,,,,
1111,1,,,,,
1112,1,,,,,
1113,2,,,,,
1114,2,,,,,
1115,1,,,,,
1116,1,,,,,
1117,3,,,,,
1118,2,,,,,
1119,0,,,,,
1120,2,,,,,
1121,4,,,,,
1122,4,,,,,
1123,2,,,,,
1124,0,,,,,
1125,2,,,,,
1126,3,,,,,
1127,3,,,,,
1128,3,,,,,
1129,4,,,,,
1130,4,,,,,
1131,3,,,,,
1132,4,,,,,
1133,4,,,,,
1134,1,,,,,
1135,3,,,,,
1136,1,,,,,
1137,4,,,,,
1138,1,,,,,
1139,3,,,,,
1140,1,,,,,
1141,2,,,,,
1142,0,,,,,
1143,0,,,,,
1144,1,,,,,
1145,0,,,,,
1146,0,,,,,
1147,4,,,,,
1148,2,,,,,
1149,2,,,,,
1150,1,,,,,
1151,1,,,,,
1152,4,,,,,
1153,1,,,,,
1154,0,,,,,
1155,1,,,,,
1156,0,,,,,
1157,1,,,,,
1158,1,,,,,
1159,3,,,,,
1160,4,,,,,
1161,2,,,,,
1162,4,,,,,
1163,3,,,,,
1164,0,,,,,
1165,1,,,,,
1166,2,,,,,
1167,4,,,,,
1168,0,,,,,
1169,3,,,,,
1170,3,,,,,
1171,0,,,,,
1172,2,,,,,
1173,4,,,,,
1174,3,,,,,
1175,3,,,,,
1176,0,,,,,
1177,3,,,,,
1178,3,,,,,
1179,3,,,,,
1180,4,,,,,
1181,3,,,,,
1182,0,,,,,
1183,3,,,,,
1184,3,,,,,
1185,4,,,,,
1186,4,,,,,
1187,0,,,,,
1188,4,,,,,
1189,0,,,,,
1190,2,,,,,
1191,1,,,,,
1192,0,,,,,
1193,1,,,,,
1194,2,,,,,
1195,2,,,,,
1196,3,,,,,
1197,4,,,,,
1198,1,,,,,
1199,3,,,,,
1200,3,,,,,
1201,0,,,,,
1202,1,,,,,
1203,0,,,,,
1204,3,,,,,
1205,3,,,,,
1206,3,,,,,
1207,1,,,,,
1208,2,,,,,
1209,3,,,,,
1210,1,,,,,
1211,1,,,,,
1212,2,,,,,
1213,2,,,,,
1214,4,,,,,
1215,1,,,,,
1216,4,,,,,
1217,4,,,,,
1218,4,,,,,
1219,2,,,,,
1220,1,,,,,
1221,2,,,,,
1222,1,,,,,
1223,1,,,,,
1224,0,,,,,
1225,3,,,,,
1226,4,,,,,
1227,2,,,,,
1228,1,,,,,
1229,4,,,,,
1230,0,,,,,
1231,4,,,,,
1232,0,,,,,
1233,3,,,,,
1234,0,,,,,
1235,2,,,,,
1236,2,,,,,
1237,4,,,,,
1238,3,,,,,
1239,0,,,,,
1240,3,,,,,
1241,3,,,,,
1242,1,,,,,
1243,4,,,,,
1244,2,,,,,
1245,2,,,,,
1246,2,,,,,
1247,4,,,,,
1248,3,,,,,
1249,1,,,,,
1250,0,,,,,
1251,1,,,,,
1252,0,,,,,
1253,1,,,,,
1254,2,,,,,
1255,2,,,,,
1256,0,,,,,
1257,4,,,,,
1258,4,,,,,
1259,4,,,,,
1260,1,,,,,
1261,3,,,,,
1262,2,,,,,
1263,0,,,,,
1264,0,,,,,
1265,0,,,,,
1266,3,,,,,
1267,2,,,,,
1268,2,,,,,
1269,1,,,,,
1270,0,,,,,
1271,2,,,,,
1272,1,,,,,
1273,3,,,,,
1274,0,,,,,
1275,1,,,,,
1276,4,,,,,
1277,4,,,,,
1278,2,,,,,
1279,0,,,,,
1280,3,,,,,
1281,0,,,,,
1282,0,,,,,
1283,3,,,,,
1284,3,,,,,
1285,3,,,,,
1286,0,,,,,
1287,0,,,,,
1288,3,,,,,
1289,3,,,,,
1290,2,,,,,
1291,4,,,,,
1292,0,,,,,
1293,3,,,,,
1294,2,,,,,
1295,2,,,,,
1296,0,,,,,
1297,4,,,,,
1298,0,,,,,
1299,1,,,,,
1300,1,,,,,
1301,0,,,,,
1302,4,,,,,
1303,1,,,,,
1304,4,,,,,
1305,2,,,,,
1306,1,,,,,
1307,1,,,,,
1308,3,,,,,
1309,3,,,,,
1310,4,,,,,
1311,3,,,,,
1312,3,,,,,
1313,1,,,,,
1314,0,,,,,
1315,0,,,,,
1316,0,,,,,
1317,1,,,,,
1318,2,,,,,
1319,3,,,,,
1320,4,,,,,
1321,2,,,,,
1322,0,,,,,
1323,4,,,,,
1324,3,,,,,
1325,4,,,,,
1326,1,,,,,
1327,4,,,,,
1328,4,,,,,
1329,2,,,,,
1330,4,,,,,
1331,1,,,,,
1332,0,,,,,
1333,0,,,,,
1334,2,,,,,
1335,1,,,,,
1336,1,,,,,
1337,1,,,,,
1338,0,,,,,
1339,0,,,,,
1340,3,,,,,
1341,4,,,,,
1342,0,,,,,
1343,4,,,,,
1344,0,,,,,
1345,1,,,,,
1346,1,,,,,
1347,3,,,,,
1348,4,,,,,
1349,4,,,,,
1350,2,,,,,
1351,1,,,,,
1352,3,,,,,
1353,4,,,,,
1354,2,,,,,
1355,4,,,,,
1356,1,,,,,
1357,3,,,,,
1358,2,,,,,
1359,0,,,,,
1360,3,,,,,
1361,2,,,,,
1362,1,,,,,
1363,0,,,,,
1364,2,,,,,
1365,1,,,,,
1366,1,,,,,
1367,1,,,,,
1368,3,,,,,
1369,1,,,,,
1370,3,,,,,
1371,1,,,,,
1372,3,,,,,
1373,4,,,,,
1374,3,,,,,
1375,0,,,,,
1376,0,,,,,
1377,2,,,,,
1378,4,,,,,
1379,4,,,,,
1380,3,,,,,
1381,0,,,,,
1382,1,,,,,
1383,0,,,,,
1384,1,,,,,
1385,2,,,,,
1386,2,,,,,
1387,0,,,,,
1388,1,,,,,
1389,4,,,,,
1390,4,,,,,
1391,0,,,,,
1392,4,,,,,
1393,1,,,,,
1394,0,,,,,
1395,3,,,,,
1396,4,,,,,
1397,2,,,,,
1398,3,,,,,
1399,3,,,,,
1400,4,,,,,
1401,1,,,,,
1402,3,,,,,
1403,2,,,,,
1404,1,,,,,
1405,4,,,,,
1406,0,,,,,
1407,3,,,,,
1408,1,,,,,
1409,1,,,,,
1410,2,,,,,
1411,2,,,,,
1412,4,,,,,
1413,2,,,,,
1414,2,,,,,
1415,0,,,,,
1416,1,,,,,
1417,2,,,,,
1418,4,,,,,
1419,1,,,,,
1420,4,,,,,
1421,4,,,,,
1422,2,,,,,
1423,4,,,,,
1424,0,,,,,
1425,3,,,,,
1426,1,,,,,
1427,3,,,,,
1428,4,,,,,
1429,0,,,,,
1430,2,,,,,
1431,4,,,,,
1432,3,,,,,
1433,4,,,,,
1434,1,,,,,
1435,2,,,,,
1436,2,,,,,
1437,3,,,,,
1438,4,,,,,
1439,4,,,,,
1440,0,,,,,
1441,0,,,,,
1442,1,,,,,
1443,0,,,,,
1444,1,,,,,
1445,3,,,,,
1446,2,,,,,
1447,1,,,,,
1448,0,,,,,
1449,1,,,,,
1450,4,,,,,
1451,0,,,,,
1452,4,,,,,
1453,1,,,,,
1454,3,,,,,
1455,0,,,,,
1456,1,,,,,
1457,1,,,,,
1458,4,,,,,
1459,1,,,,,
1460,2,,,,,
1461,3,,,,,
1462,4,,,,,
1463,0,,,,,
1464,4,,,,,
1465,1,,,,,
1466,3,,,,,
1467,2,,,,,
1468,2,,,,,
1469,3,,,,,
1470,1,,,,,
1471,4,,,,,
1472,0,,,,,
1473,2,,,,,
1474,1,,,,,
1475,0,,,,,
1476,1,,,,,
1477,2,,,,,
1478,4,,,,,
1479,2,,,,,
1480,3,,,,,
1481,2,,,,,
1482,4,,,,,
1483,0,,,,,
1484,3,,,,,
1485,2,,,,,
1486,4,,,,,
1487,1,,,,,
1488,3,,,,,
1489,2,,,,,
1490,2,,,,,
1491,1,,,,,
1492,3,,,,,
1493,3,,,,,
1494,1,,,,,
1495,3,,,,,
1496,1,,,,,
1497,4,,,,,
1498,0,,,,,
1499,2,,,,,
1500,0,,,,,
1501,0,,,,,
1502,4,,,,,
1503,1,,,,,
1504,2,,,,,
1505,4,,,,,
1506,4,,,,,
1507,3,,,,,
1508,1,,,,,
1509,0,,,,,
1510,4,,,,,
1511,2,,,,,
1512,1,,,,,
1513,1,,,,,
1514,0,,,,,
1515,1,,,,,
1516,0,,,,,
1517,2,,,,,
1518,1,,,,,
1519,2,,,,,
1520,0,,,,,
1521,1,,,,,
1522,2,,,,,
1523,2,,,,,
1524,0,,,,,
1525,0,,,,,
1526,3,,,,,
1527,1,,,,,
1528,2,,,,,
1529,1,,,,,
1530,1,,,,,
1531,4,,,,,
1532,2,,,,,
1533,2,,,,,
1534,1,,,,,
1535,4,,,,,
1536,0,,,,,
1537,4,,,,,
1538,2,,,,,
1539,3,,,,,
1540,0,,,,,
1541,0,,,,,
1542,4,,,,,
1543,2,,,,,
1544,4,,,,,
1545,0,,,,,
1546,4,,,,,
1547,3,,,,,
1548,3,,,,,
1549,4,,,,,
1550,2,,,,,
1551,0,,,,,
1552,2,,,,,
1553,0,,,,,
1554,4,,,,,
1555,4,,,,,
1556,1,,,,,
1557,1,,,,,
1558,2,,,,,
1559,3,,,,,
1560,1,,,,,
1561,0,,,,,
1562,3,,,,,
1563,1,,,,,
1564,2,,,,,
1565,1,,,,,
1566,1,,,,,
1567,1,,,,,
1568,0,,,,,
1569,4,,,,,
1570,0,,,,,
1571,1,,,,,
1572,2,,,,,
1573,0,,,,,
1574,4,,,,,
1575,2,,,,,
1576,0,,,,,
1577,3,,,,,
1578,4,,,,,
1579,1,,,,,
1580,3,,,,,
1581,1,,,,,
1582,3,,,,,
1583,4,,,,,
1584,2,,,,,
1585,4,,,,,
1586,1,,,,,
1587,0,,,,,
1588,4,,,,,
1589,0,,,,,
1590,4,,,,,
1591,2,,,,,
1592,4,,,,,
1593,4,,,,,
1594,2,,,,,
1595,4,,,,,
1596,3,,,,,
1597,4,,,,,
1598,3,,,,,
1599,2,,,,,
1600,0,,,,,
1601,1,,,,,
1602,2,,,,,
1603,0,,,,,
1604,2,,,,,
1605,2,,,,,
1606,4,,,,,
1607,3,,,,,
1608,3,,,,,
1609,0,,,,,
1610,2,,,,,
1611,4,,,,,
1612,2,,,,,
1613,0,,,,,
1614,0,,,,,
1615,2,,,,,
1616,4,,,,,
1617,0,,,,,
1618,4,,,,,
1619,2,,,,,
1620,0,,,,,
1621,2,,,,,
1622,2,,,,,
1623,4,,,,,
1624,1,,,,,
1625,2,,,,,
1626,4,,,,,
1627,1,,,,,
1628,3,,,,,
1629,0,,,,,
1630,2,,,,,
1631,2,,,,,
1632,2,,,,,
1633,3,,,,,
1634,0,,,,,
1635,0,,,,,
1636,3,,,,,
1637,3,,,,,
1638,4,,,,,
1639,2,,,,,
1640,1,,,,,
1641,3,,,,,
1642,4,,,,,
1643,0,,,,,
1644,1,,,,,
1645,3,,,,,
1646,0,,,,,
1647,1,,,,,
1648,3,,,,,
1649,2,,,,,
1650,4,,,,,
1651,3,,,,,
1652,3,,,,,
1653,1,,,,,
1654,0,,,,,
1655,0,,,,,
1656,2,,,,,
1657,0,,,,,
1658,0,,,,,
1659,2,,,,,
1660,2,,,,,
1661,1,,,,,
1662,0,,,,,
1663,3,,,,,
1664,3,,,,,
1665,3,,,,,
1666,2,,,,,
1667,2,,,,,
1668,3,,,,,
1669,2,,,,,
1670,2,,,,,
1671,1,,,,,
1672,4,,,,,
1673,4,,,,,
1674,0,,,,,
1675,3,,,,,
1676,2,,,,,
1677,1,,,,,
1678,1,,,,,
1679,3,,,,,
1680,4,,,,,
1681,0,,,,,
1682,2,,,,,
1683,3,,,,,
1684,1,,,,,
1685,0,,,,,
1686,2,,,,,
1687,0,,,,,
1688,3,,,,,
1689,0,,,,,
1690,3,,,,,
1691,1,,,,,
1692,3,,,,,
1693,3,,,,,
1694,0,,,,,
1695,1,,,,,
1696,3,,,,,
1697,0,,,,,
1698,1,,,,,
1699,0,,,,,
1700,1,,,,,
1701,2,,,,,
1702,1,,,,,
1703,4,,,,,
1704,3,,,,,
1705,1,,,,,
1706,3,,,,,
1707,1,,,,,
1708,0,,,,,
1709,2,,,,,
1710,3,,,,,
1711,2,,,,,
1712,3,,,,,
1713,2,,,,,
1714,4,,,,,
1715,1,,,,,
1716,3,,,,,
1717,0,,,,,
1718,4,,,,,
1719,2,,,,,
1720,3,,,,,
1721,4,,,,,
1722,0,,,,,
1723,1,,,,,
1724,1,,,,,
1725,3,,,,,
1726,4,,,,,
1727,1,,,,,
1728,4,,,,,
1729,2,,,,,
1730,2,,,,,
1731,2,,,,,
1732,1,,,,,
1733,2,,,,,
1734,4,,,,,
1735,2,,,,,
1736,3,,,,,
1737,1,,,,,
1738,1,,,,,
1739,4,,,,,
1740,2,,,,,
1741,1,,,,,
1742,0,,,,,
1743,4,,,,,
1744,0,,,,,
1745,4,,,,,
1746,4,,,,,
1747,0,,,,,
1748,3,,,,,
1749,3,,,,,
1750,3,,,,,
1751,2,,,,,
1752,2,,,,,
1753,0,,,,,
1754,3,,,,,
1755,2,,,,,
1756,4,,,,,
1757,2,,,,,
1758,1,,,,,
1759,0,,,,,
1760,0,,,,,
1761,4,,,,,
1762,4,,,,,
1763,2,,,,,
1764,2,,,,,
1765,3,,,,,
1766,0,,,,,
1767,1,,,,,
1768,4,,,,,
1769,4,,,,,
1770,3,,,,,
1771,4,,,,,
1772,4,,,,,
1773,3,,,,,
1774,2,,,,,
1775,0,,,,,
1776,0,,,,,
1777,1,,,,,
1778,3,,,,,
1779,3,,,,,
1780,3,,,,,
1781,3,,,,,
1782,0,,,,,
1783,3,,,,,
1784,2,,,,,
1785,3,,,,,
1786,0,,,,,
1787,1,,,,,
1788,1,,,,,
1789,0,,,,,
1790,3,,,,,
1791,3,,,,,
1792,3,,,,,
1793,3,,,,,
1794,3,,,,,
1795,1,,,,,
1796,2,,,,,
1797,2,,,,,
1798,2,,,,,
1799,4,,,,,
1800,2,,,,,
1801,1,,,,,
1802,4,,,,,
1803,2,,,,,
1804,0,,,,,
1805,4,,,,,
1806,2,,,,,
1807,1,,,,,
1808,3,,,,,
1809,0,,,,,
1810,2,,,,,
1811,2,,,,,
1812,2,,,,,
1813,4,,,,,
1814,0,,,,,
1815,3,,,,,
1816,1,,,,,
1817,0,,,,,
1818,4,,,,,
1819,3,,,,,
1820,2,,,,,
1821,0,,,,,
1822,3,,,,,
1823,0,,,,,
1824,4,,,,,
1825,0,,,,,
1826,2,,,,,
1827,1,,,,,
1828,4,,,,,
1829,3,,,,,
1830,2,,,,,
1831,4,,,,,
1832,2,,,,,
1833,3,,,,,
1834,3,,,,,
1835,1,,,,,
1836,1,,,,,
1837,3,,,,,
1838,2,,,,,
1839,0,,,,,
1840,4,,,,,
1841,2,,,,,
1842,4,,,,,
1843,2,,,,,
1844,2,,,,,
1845,1,,,,,
1846,4,,,,,
1847,0,,,,,
1848,1,,,,,
1849,1,,,,,
1850,0,,,,,
1851,4,,,,,
1852,3,,,,,
1853,0,,,,,
1854,2,,,,,
1855,4,,,,,
1856,1,,,,,
1857,1,,,,,
1858,3,,,,,
1859,2,,,,,
1860,1,,,,,
1861,2,,,,,
1862,1,,,,,
1863,0,,,,,
1864,4,,,,,
1865,1,,,,,
1866,2,,,,,
1867,0,,,,,
1868,4,,,,,
1869,0,,,,,
1870,0,,,,,
1871,4,,,,,
1872,3,,,,,
1873,0,,,,,
1874,3,,,,,
1875,3,,,,,
1876,2,,,,,
1877,1,,,,,
1878,1,,,,,
1879,0,,,,,
1880,1,,,,,
1881,3,,,,,
1882,2,,,,,
1883,1,,,,,
1884,0,,,,,
1885,4,,,,,
1886,2,,,,,
1887,1,,,,,
1888,1,,,,,
1889,3,,,,,
1890,3,,,,,
1891,3,,,,,
1892,1,,,,,
1893,0,,,,,
1894,4,,,,,
1895,4,,,,,
1896,2,,,,,
1897,2,,,,,
1898,4,,,,,
1899,0,,,,,
1900,1,,,,,
1901,3,,,,,
1902,4,,,,,
1903,4,,,,,
1904,0,,,,,
1905,2,,,,,
1906,4,,,,,
1907,4,,,,,
1908,0,,,,,
1909,1,,,,,
1910,0,,,,,
1911,0,,,,,
1912,4,,,,,
1913,0,,,,,
1914,3,,,,,
1915,1,,,,,
1916,0,,,,,
1917,2,,,,,
1918,0,,,,,
1919,3,,,,,
1920,3,,,,,
1921,2,,,,,
1922,4,,,,,
1923,0,,,,,
1924,3,,,,,
1925,1,,,,,
1926,4,,,,,
1927,2,,,,,
1928,1,,,,,
1929,1,,,,,
1930,3,,,,,
1931,4,,,,,
1932,1,,,,,
1933,0,,,,,
1934,1,,,,,
1935,0,,,,,
1936,0,,,,,
1937,4,,,,,
1938,3,,,,,
1939,0,,,,,
1940,1,,,,,
1941,1,,,,,
1942,3,,,,,
1943,4,,,,,
1944,4,,,,,
1945,2,,,,,
1946,0,,,,,
1947,3,,,,,
1948,3,,,,,
1949,2,,,,,
1950,3,,,,,
1951,1,,,,,
1952,2,,,,,
1953,4,,,,,
1954,4,,,,,
1955,2,,,,,
1956,3,,,,,
1957,4,,,,,
1958,0,,,,,
1959,2,,,,,
1960,0,,,,,
1961,1,,,,,
1962,1,,,,,
1963,1,,,,,
1964,2,,,,,
1965,4,,,,,
1966,3,,,,,
1967,1,,,,,
1968,4,,,,,
1969,3,,,,,
1970,3,,,,,
1971,1,,,,,
1972,0,,,,,
1973,0,,,,,
1974,4,,,,,
1975,4,,,,,
1976,4,,,,,
1977,4,,,,,
1978,2,,,,,
1979,2,,,,,
1980,2,,,,,
1981,0,,,,,
1982,4,,,,,
1983,2,,,,,
1984,3,,,,,
1985,4,,,,,
1986,0,,,,,
1987,2,,,,,
1988,2,,,,,
1989,4,,,,,
1990,0,,,,,
1991,0,,,,,
1992,4,,,,,
1993,1,,,,,
1994,1,,,,,
1995,3,,,,,
1996,1,,,,,
1997,0,,,,,
1998,1,,,,,
1999,4,,,,,
2000,0,,,,,
2001,4,,,,,
2002,0,,,,,
2003,2,,,,,
2004,3,,,,,
2005,2,,,,,
2006,3,,,,,
2007,2,,,,,
2008,4,,,,,
2009,4,,,,,
2010,4,,,,,
2011,2,,,,,
2012,1,,,,,
2013,4,,,,,
2014,4,,,,,
2015,1,,,,,
2016,1,,,,,
2017,3,,,,,
2018,0,,,,,
2019,0,,,,,
2020,2,,,,,
2021,3,,,,,
2022,3,,,,,
2023,0,,,,,
2024,2,,,,,
2025,2,,,,,
2026,0,,,,,
2027,0,,,,,
2028,1,,,,,
2029,4,,,,,
2030,4,,,,,
2031,3,,,,,
2032,2,,,,,
2033,4,,,,,
2034,2,,,,,
2035,2,,,,,
2036,0,,,,,
2037,3,,,,,
2038,1,,,,,
2039,3,,,,,
2040,1,,,,,
2041,1,,,,,
2042,4,,,,,
2043,2,,,,,
2044,0,,,,,
2045,1,,,,,
2046,4,,,,,
2047,0,,,,,
2048,3,,,,,
2049,4,,,,,
2050,3,,,,,
2051,1,,,,,
2052,0,,,,,
2053,4,,,,,
2054,0,,,,,
2055,1,,,,,
2056,0,,,,,
2057,4,,,,,
2058,4,,,,,
2059,3,,,,,
2060,3,,,,,
2061,4,,,,,
2062,3,,,,,
2063,4,,,,,
2064,3,,,,,
2065,1,,,,,
2066,4,,,,,
2067,2,,,,,
2068,4,,,,,
2069,1,,,,,
2070,4,,,,,
2071,3,,,,,
2072,4,,,,,
2073,3,,,,,
2074,2,,,,,
2075,4,,,,,
2076,4,,,,,
2077,4,,,,,
2078,1,,,,,
2079,4,,,,,
2080,0,,,,,
2081,1,,,,,
2082,1,,,,,
2083,4,,,,,
2084,2,,,,,
2085,1,,,,,
2086,0,,,,,
2087,1,,,,,
2088,3,,,,,
2089,4,,,,,
2090,0,,,,,
2091,0,,,,,
2092,4,,,,,
2093,3,,,,,
2094,1,,,,,
2095,4,,,,,
2096,3,,,,,
2097,4,,,,,
2098,1,,,,,
2099,2,,,,,
2100,1,,,,,
2101,1,,,,,
2102,3,,,,,
2103,1,,,,,
2104,0,,,,,
2105,4,,,,,
2106,1,,,,,
2107,0,,,,,
2108,3,,,,,
2109,4,,,,,
2110,1,,,,,
2111,2,,,,,
2112,0,,,,,
2113,2,,,,,
2114,3,,,,,
2115,2,,,,,
2116,3,,,,,
2117,1,,,,,
2118,1,,,,,
2119,2,,,,,
2120,2,,,,,
2121,3,,,,,
2122,3,,,,,
2123,2,,,,,
2124,0,,,,,
2125,0,,,,,
2126,3,,,,,
2127,4,,,,,
2128,0,,,,,
2129,0,,,,,
2130,3,,,,,
2131,1,,,,,
2132,1,,,,,
2133,3,,,,,
2134,1,,,,,
2135,1,,,,,
2136,2,,,,,
2137,3,,,,,
2138,4,,,,,
2139,4,,,,,
2140,2,,,,,
2141,3,,,,,
2142,3,,,,,
2143,4,,,,,
2144,4,,,,,
2145,4,,,,,
2146,2,,,,,
2147,3,,,,,
2148,1,,,,,
2149,0,,,,,
2150,1,,,,,
2151,4,,,,,
2152,0,,,,,
2153,4,,,,,
2154,4,,,,,
2155,3,,,,,
2156,3,,,,,
2157,0,,,,,
2158,3,,,,,
2159,3,,,,,
2160,4,,,,,
2161,2,,,,,
2162,2,,,,,
2163,2,,,,,
2164,0,,,,,
2165,3,,,,,
2166,4,,,,,
2167,3,,,,,
2168,0,,,,,
2169,0,,,,,
2170,4,,,,,
2171,2,,,,,
2172,4,,,,,
2173,1,,,,,
2174,0,,,,,
2175,4,,,,,
2176,1,,,,,
2177,0,,,,,
2178,1,,,,,
2179,3,,,,,
2180,0,,,,,
2181,3,,,,,
2182,3,,,,,
2183,3,,,,,
2184,0,,,,,
2185,0,,,,,
2186,1,,,,,
2187,3,,,,,
2188,4,,,,,
2189,2,,,,,
2190,3,,,,,
2191,3,,,,,
2192,2,,,,,
2193,2,,,,,
2194,1,,,,,
2195,2,,,,,
2196,3,,,,,
2197,3,,,,,
2198,1,,,,,
2199,2,,,,,
2200,1,,,,,
2201,1,,,,,
2202,3,,,,,
2203,0,,,,,
2204,3,,,,,
2205,0,,,,,
2206,2,,,,,
2207,4,,,,,
2208,2,,,,,
2209,1,,,,,
2210,2,,,,,
2211,2,,,,,
2212,0,,,,,
2213,1,,,,,
2214,4,,,,,
2215,2,,,,,
2216,0,,,,,
2217,3,,,,,
2218,3,,,,,
2219,3,,,,,
2220,2,,,,,
2221,4,,,,,
2222,4,,,,,
2223,3,,,,,
2224,4,,,,,
2225,2,,,,,
2226,2,,,,,
2227,3,,,,,
2228,0,,,,,
2229,3,,,,,
2230,4,,,,,
2231,3,,,,,
2232,4,,,,,
2233,0,,,,,
2234,3,,,,,
2235,0,,,,,
2236,3,,,,,
2237,0,,,,,
2238,1,,,,,
2239,0,,,,,
2240,4,,,,,
2241,1,,,,,
2242,3,,,,,
2243,0,,,,,
2244,0,,,,,
2245,4,,,,,
2246,3,,,,,
2247,2,,,,,
2248,2,,,,,
2249,3,,,,,
2250,2,,,,,
2251,1,,,,,
2252,2,,,,,
2253,0,,,,,
2254,4,,,,,
2255,2,,,,,
2256,2,,,,,
2257,2,,,,,
2258,4,,,,,
2259,2,,,,,
2260,0,,,,,
2261,3,,,,,
2262,0,,,,,
2263,1,,,,,
2264,2,,,,,
2265,0,,,,,
2266,2,,,,,
2267,1,,,,,
2268,2,,,,,
2269,3,,,,,
2270,0,,,,,
2271,1,,,,,
2272,3,,,,,
2273,0,,,,,
2274,4,,,,,
2275,0,,,,,
2276,3,,,,,
2277,1,,,,,
2278,3,,,,,
2279,0,,,,,
2280,2,,,,,
2281,2,,,,,
2282,3,,,,,
2283,3,,,,,
2284,2,,,,,
2285,0,,,,,
2286,2,,,,,
2287,0,,,,,
2288,0,,,,,
2289,0,,,,,
2290,2,,,,,
2291,1,,,,,
2292,4,,,,,
2293,0,,,,,
2294,4,,,,,
2295,0,,,,,
2296,4,,,,,
2297,3,,,,,
2298,4,,,,,
2299,0,,,,,
2300,3,,,,,
2301,1,,,,,
2302,0,,,,,
2303,0,,,,,
2304,4,,,,,
2305,4,,,,,
2306,4,,,,,
2307,2,,,,,
2308,0,,,,,
2309,2,,,,,
2310,1,,,,,
2311,4,,,,,
2312,0,,,,,
2313,2,,,,,
2314,3,,,,,
2315,3,,,,,
2316,1,,,,,
2317,1,,,,,
2318,2,,,,,
2319,4,,,,,
2320,1,,,,,
2321,1,,,,,
2322,0,,,,,
2323,2,,,,,
2324,3,,,,,
2325,4,,,,,
2326,2,,,,,
2327,1,,,,,
2328,2,,,,,
2329,4,,,,,
2330,4,,,,,
2331,0,,,,,
2332,2,,,,,
2333,3,,,,,
2334,3,,,,,
2335,3,,,,,
2336,2,,,,,
2337,1,,,,,
2338,2,,,,,
2339,3,,,,,
2340,0,,,,,
2341,2,,,,,
2342,0,,,,,
2343,4,,,,,
2344,4,,,,,
2345,4,,,,,
2346,2,,,,,
2347,4,,,,,
2348,4,,,,,
2349,3,,,,,
2350,1,,,,,
2351,3,,,,,
2352,0,,,,,
2353,0,,,,,
2354,2,,,,,
2355,0,,,,,
2356,4,,,,,
2357,0,,,,,
2358,4,,,,,
2359,2,,,,,
2360,1,,,,,
2361,4,,,,,
2362,1,,,,,
2363,2,,,,,
2364,3,,,,,
2365,3,,,,,
2366,2,,,,,
2367,0,,,,,
2368,4,,,,,
2369,4,,,,,
2370,4,,,,,
2371,2,,,,,
2372,3,,,,,
2373,4,,,,,
2374,0,,,,,
2375,0,,,,,
2376,2,,,,,
2377,3,,,,,
2378,1,,,,,
2379,0,,,,,
2380,0,,,,,
2381,4,,,,,
2382,4,,,,,
2383,2,,,,,
2384,3,,,,,
2385,1,,,,,
2386,0,,,,,
2387,3,,,,,
2388,0,,,,,
2389,3,,,,,
2390,2,,,,,
2391,1,,,,,
2392,0,,,,,
2393,2,,,,,
2394,2,,,,,
2395,1,,,,,
2396,1,,,,,
2397,3,,,,,
2398,4,,,,,
2399,4,,,,,
2400,1,,,,,
2401,4,,,,,
2402,0,,,,,
2403,3,,,,,
2404,2,,,,,
2405,3,,,,,
2406,4,,,,,
2407,2,,,,,
2408,1,,,,,
2409,0,,,,,
2410,2,,,,,
2411,0,,,,,
2412,2,,,,,
2413,4,,,,,
2414,2,,,,,
2415,3,,,,,
2416,0,,,,,
2417,2,,,,,
2418,1,,,,,
2419,2,,,,,
2420,1,,,,,
2421,3,,,,,
2422,2,,,,,
2423,0,,,,,
2424,0,,,,,
2425,2,,,,,
2426,4,,,,,
2427,0,,,,,
2428,1,,,,,
2429,1,,,,,
2430,4,,,,,
2431,3,,,,,
2432,3,,,,,
2433,4,,,,,
2434,2,,,,,
2435,2,,,,,
2436,2,,,,,
2437,3,,,,,
2438,0,,,,,
2439,4,,,,,
2440,2,,,,,
2441,4,,,,,
2442,4,,,,,
2443,3,,,,,
2444,0,,,,,
2445,1,,,,,
2446,1,,,,,
2447,2,,,,,
2448,4,,,,,
2449,1,,,,,
2450,2,,,,,
2451,2,,,,,
2452,4,,,,,
2453,4,,,,,
2454,1,,,,,
2455,4,,,,,
2456,1,,,,,
2457,3,,,,,
2458,2,,,,,
2459,1,,,,,
2460,0,,,,,
2461,2,,,,,
2462,0,,,,,
2463,2,,,,,
2464,0,,,,,
2465,0,,,,,
2466,4,,,,,
2467,1,,,,,
2468,0,,,,,
2469,4,,,,,
2470,1,,,,,
2471,3,,,,,
2472,4,,,,,
2473,0,,,,,
2474,4,,,,,
2475,4,,,,,
2476,0,,,,,
2477,3,,,,,
2478,4,,,,,
2479,1,,,,,
2480,1,,,,,
2481,1,,,,,
2482,3,,,,,
2483,4,,,,,
2484,0,,,,,
2485,3,,,,,
2486,4,,,,,
2487,2,,,,,
2488,3,,,,,
2489,2,,,,,
2490,0,,,,,
2491,4,,,,,
2492,0,,,,,
2493,1,,,,,
2494,3,,,,,
2495,2,,,,,
2496,4,,,,,
2497,0,,,,,
2498,3,,,,,
2499,4,,,,,
2500,2,,,,,
2501,1,,,,,
2502,4,,,,,
2503,4,,,,,
2504,0,,,,,
2505,4,,,,,
2506,2,,,,,
2507,0,,,,,
2508,2,,,,,
2509,2,,,,,
2510,3,,,,,
2511,2,,,,,
2512,2,,,,,
2513,1,,,,,
2514,2,,,,,
2515,3,,,,,
2516,2,,,,,
2517,1,,,,,
2518,0,,,,,
2519,3,,,,,
2520,3,,,,,
2521,1,,,,,
2522,0,,,,,
2523,3,,,,,
2524,4,,,,,
2525,2,,,,,
2526,3,,,,,
2527,1,,,,,
2528,0,,,,,
2529,0,,,,,
2530,2,,,,,
2531,3,,,,,
2532,4,,,,,
2533,4,,,,,
2534,1,,,,,
2535,1,,,,,
2536,4,,,,,
2537,0,,,,,
2538,1,,,,,
2539,0,,,,,
2540,3,,,,,
2541,4,,,,,
2542,3,,,,,
2543,1,,,,,
2544,0,,,,,
2545,0,,,,,
2546,4,,,,,
2547,0,,,,,
2548,1,,,,,
2549,4,,,,,
2550,3,,,,,
2551,4,,,,,
2552,4,,,,,
2553,2,,,,,
2554,1,,,,,
2555,2,,,,,
2556,4,,,,,
2557,3,,,,,
2558,3,,,,,
2559,0,,,,,
2560,2,,,,,
2561,3,,,,,
2562,3,,,,,
2563,1,,,,,
2564,2,,,,,
2565,1,,,,,
2566,2,,,,,
2567,1,,,,,
2568,2,,,,,
2569,3,,,,,
2570,2,,,,,
2571,3,,,,,
2572,3,,,,,
2573,2,,,,,
2574,2,,,,,
2575,2,,,,,
2576,0,,,,,
2577,0,,,,,
2578,3,,,,,
2579,4,,,,,
2580,1,,,,,
2581,0,,,,,
2582,3,,,,,
2583,1,,,,,
2584,2,,,,,
2585,4,,,,,
2586,0,,,,,
2587,2,,,,,
2588,4,,,,,
2589,0,,,,,
2590,1,,,,,
2591,1,,,,,
2592,2,,,,,
2593,2,,,,,
2594,0,,,,,
2595,0,,,,,
2596,1,,,,,
2597,3,,,,,
2598,0,,,,,
2599,4,,,,,
2600,4,,,,,
2601,3,,,,,
2602,1,,,,,
2603,0,,,,,
2604,0,,,,,
2605,4,,,,,
2606,2,,,,,
2607,4,,,,,
2608,2,,,,,
2609,0,,,,,
2610,2,,,,,
2611,3,,,,,
2612,3,,,,,
2613,2,,,,,
2614,1,,,,,
2615,1,,,,,
2616,3,,,,,
2617,0,,,,,
2618,3,,,,,
2619,4,,,,,
2620,2,,,,,